{"total_points": 100040, "_timestamp": 1721014091.2548163, "_runtime": 469.3910872936249, "_step": 2000, "Ll1": 0.06672711670398712, "ssimloss": 0.1821114420890808, "apploss_pair": 0.0015945283230394125, "apploss_random": 0.0032689394429326057, "loss": 0.13131265342235565, "Mean PSNR": 9.827407836914062, "Mean SSIM": 0.6110301613807678, "Mean LIPIS_alex": 0.8165373802185059, "Mean MSE": 0.10774081945419312, "_wandb": {"runtime": 964}}