{"total_points": 100040, "_timestamp": 1720237234.8811796, "_runtime": 51.517576456069946, "_step": 20, "Ll1": 0.20349015295505524, "ssimloss": 0.3723263144493103, "apploss_random": 0.006079250015318394, "Mean PSNR": 9.828344345092773, "Mean SSIM": 0.6113000512123108, "Mean LIPIS_alex": 0.8526086807250977, "Mean MSE": 0.1075405701994896, "_wandb": {"runtime": 49}}