{"total_points": 100040, "_timestamp": 1721015011.238419, "_runtime": 847.2425019741058, "_step": 5000, "Ll1": 0.2654714584350586, "ssimloss": 0.4399798512458801, "apploss_pair": 0.0071253348141908646, "apploss_random": 0.007440600544214249, "loss": 0.3657578229904175, "Mean PSNR": 9.827407836914062, "Mean SSIM": 0.6110301613807678, "Mean LIPIS_alex": 0.8165373802185059, "Mean MSE": 0.10774081945419312, "_wandb": {"runtime": 845}}