{"total_points": 100040, "_timestamp": 1720962316.006924, "_runtime": 129.86158299446106, "_step": 20, "Ll1": 0.32568103075027466, "ssimloss": 0.3826696276664734, "apploss_pair": 0.005230441223829985, "apploss_random": 0.0057765888050198555, "loss": 0.3602176606655121, "Mean PSNR": 9.827407836914062, "Mean SSIM": 0.6110301613807678, "Mean LIPIS_alex": 0.8165373802185059, "Mean MSE": 0.10774081945419312, "_wandb": {"runtime": 128}}