{"total_points": 1001559, "_timestamp": 1721022064.344427, "_runtime": 4020.453096151352, "_step": 30000, "Ll1": 0.040281910449266434, "ssimloss": 0.17784762382507324, "apploss_pair": 0.0032746996730566025, "apploss_random": 0.0057012951001524925, "loss": 0.11815053224563599, "Mean PSNR": 26.477340698242188, "Mean SSIM": 0.9365552067756653, "Mean LIPIS_alex": 0.08456923067569733, "Mean MSE": 0.0026084717828780413, "_wandb": {"runtime": 4018}}