{"total_points": 100040, "_timestamp": 1720237622.10475, "_runtime": 192.5723159313202, "_step": 20, "Ll1": 0.34960150718688965, "ssimloss": 0.41364485025405884, "apploss_pair": 0.01139726210385561, "apploss_random": 0.012157438322901726, "Mean PSNR": 9.827407836914062, "Mean SSIM": 0.6110301613807678, "Mean LIPIS_alex": 0.8165373802185059, "Mean MSE": 0.10774081945419312, "_wandb": {"runtime": 190}}