{"total_points": 100040, "_timestamp": 1720236315.4277418, "Mean PSNR": 9.827407836914062, "Mean SSIM": 0.6110301613807678, "Mean LIPIS_alex": 0.8165373802185059, "Mean MSE": 0.10774081945419312, "_runtime": 101.4325807094574, "_step": 1, "_wandb": {"runtime": 99}}