{"total_points": 100040, "_timestamp": 1720963510.5925264, "_runtime": 463.1732485294342, "_step": 2000, "Ll1": 0.057592831552028656, "ssimloss": 0.1915510892868042, "apploss_pair": 0.0019990121945738792, "apploss_random": 0.004253988154232502, "loss": 0.1326947808265686, "Mean PSNR": 9.827407836914062, "Mean SSIM": 0.6110301613807678, "Mean LIPIS_alex": 0.8165373802185059, "Mean MSE": 0.10774081945419312, "_wandb": {"runtime": 458}}