{"total_points": 100040, "_timestamp": 1720237111.8095543, "_runtime": 109.45642423629761, "_step": 20, "Ll1": 0.34850171208381653, "ssimloss": 0.4118694067001343, "apploss_random": 0.011493423953652382, "Mean PSNR": 9.827407836914062, "Mean SSIM": 0.6110301613807678, "Mean LIPIS_alex": 0.8165373802185059, "Mean MSE": 0.10774081945419312, "_wandb": {"runtime": 107}}