{"total_points": 100040, "_timestamp": 1721049315.2684498, "_runtime": 258.4283707141876, "_step": 70, "Ll1": 0.2194664627313614, "ssimloss": 0.366733193397522, "apploss_pair": 0.0022269091568887234, "apploss_random": 0.0030355174094438553, "loss": 0.3018801808357239}