{"total_points": 100040, "_timestamp": 1720962559.3260012, "_runtime": 107.75289225578308, "_step": 20, "Ll1": 0.3256549537181854, "ssimloss": 0.3826424479484558, "apploss_pair": 0.005230112932622433, "apploss_random": 0.005776210688054562, "loss": 0.360190749168396, "Mean PSNR": 9.827407836914062, "Mean SSIM": 0.6110301613807678, "Mean LIPIS_alex": 0.8165373802185059, "Mean MSE": 0.10774081945419312, "_wandb": {"runtime": 104}}