{"total_points": 100040, "_timestamp": 1720237292.2892568, "_runtime": 44.59248471260071, "_step": 20, "Ll1": 0.30571797490119934, "ssimloss": 0.42229700088500977, "apploss_random": 0.009043719619512558, "Mean PSNR": 9.854789733886719, "Mean SSIM": 0.612860381603241, "Mean LIPIS_alex": 0.8348101377487183, "Mean MSE": 0.10668893903493881, "_wandb": {"runtime": 42}}