{"total_points": 100040, "_timestamp": 1720237170.7657547, "_runtime": 45.69639563560486, "_step": 20, "Ll1": 0.3189951479434967, "ssimloss": 0.4382461905479431, "apploss_random": 0.005862602032721043, "Mean PSNR": 9.792234420776367, "Mean SSIM": 0.611030101776123, "Mean LIPIS_alex": 0.8294695615768433, "Mean MSE": 0.10848867893218994, "_wandb": {"runtime": 43}}