{"total_points": 100040, "_timestamp": 1720966629.8862612, "_runtime": 200.3253242969513, "_step": 200, "Ll1": 0.11335883289575577, "ssimloss": 0.2788659334182739, "apploss_pair": 0.002102651633322239, "apploss_random": 0.0033894956577569246, "loss": 0.20577801764011383, "Mean PSNR": 9.827407836914062, "Mean SSIM": 0.6110301613807678, "Mean LIPIS_alex": 0.8165373802185059, "Mean MSE": 0.10774081945419312, "_wandb": {"runtime": 198}}